[{"title":"About","url":"https:\/\/askmortgageauthority.com\/about-ask-mortgage-authority\/","children":[]},{"title":"Mortgage Options","url":"https:\/\/askmortgageauthority.com\/mortgage-loan-options-that-fit-your-goals\/","children":[{"title":"VA Loans for Military","url":"https:\/\/askmortgageauthority.com\/va-loans\/","children":[]},{"title":"FHA Loans for First-Time Buyers","url":"https:\/\/askmortgageauthority.com\/fha-loans\/","children":[]},{"title":"Down Payment Assistance","url":"https:\/\/askmortgageauthority.com\/down-payment-assistance\/","children":[]},{"title":"Jumbo Mortgage Programs","url":"https:\/\/askmortgageauthority.com\/exclusive-jumbo-mortgage-programs\/","children":[]},{"title":"Competitive Conventional Loans","url":"https:\/\/askmortgageauthority.com\/conventional-loans\/","children":[]},{"title":"Refinance Loans","url":"https:\/\/askmortgageauthority.com\/refinance-loans\/","children":[]},{"title":"Investor &amp; DSCR Loans","url":"https:\/\/askmortgageauthority.com\/investor-dscr-loans\/","children":[]},{"title":"Self-Employed & Unique Situations","url":"https:\/\/askmortgageauthority.com\/non-qm\/","children":[]}]},{"title":"Homebuying Made Simple","url":"https:\/\/askmortgageauthority.com\/homebuyer-resources\/","children":[{"title":"First-Time Buyers","url":"https:\/\/askmortgageauthority.com\/tools-and-education-for-first-time-buyers\/","children":[]},{"title":"FAQs","url":"https:\/\/askmortgageauthority.com\/frequently-asked-questions\/","children":[]},{"title":"Tools and Education for First-Time Buyers","url":"https:\/\/askmortgageauthority.com\/tools-and-education-for-first-time-buyers\/","children":[]},{"title":"Get Pre-Qualified Today","url":"https:\/\/askmortgageauthority.com\/get-pre-qualified\/","children":[]}]},{"title":"Mortgage Tools &amp; Resources","url":"https:\/\/askmortgageauthority.com\/mortgage-tools\/","children":[{"title":"Debt Consolidation","url":"https:\/\/calculator.askmortgageauthority.com\/Debt-Consolidation","children":[]},{"title":"Annual Percentage Rate","url":"https:\/\/calculator.askmortgageauthority.com\/Annual-Percentage-Rate","children":[]},{"title":"Early Payoff","url":"https:\/\/calculator.askmortgageauthority.com\/Early-Payoff","children":[]},{"title":"Payment Amortization","url":"https:\/\/calculator.askmortgageauthority.com\/Payment-Amortization","children":[]},{"title":"Prepayment Savings","url":"https:\/\/calculator.askmortgageauthority.com\/Prepayment-Savings","children":[]},{"title":"Refinance Break Even","url":"https:\/\/calculator.askmortgageauthority.com\/Refinance-Break-Even","children":[]},{"title":"Rent Vs Own","url":"https:\/\/calculator.askmortgageauthority.com\/Rent-Vs-Own","children":[]},{"title":"Tax Savings","url":"https:\/\/calculator.askmortgageauthority.com\/Tax-Savings","children":[]},{"title":"Get Pre-Qualified Today","url":"https:\/\/askmortgageauthority.com\/get-pre-qualified\/","children":[]}]},{"title":"Realtors","url":"https:\/\/askmortgageauthority.com\/resources-for-real-estate-professionals\/","children":[{"title":"Trusted Mortgage Guidance","url":"https:\/\/askmortgageauthority.com\/trusted-mortgage-guidance\/","children":[]},{"title":"Tools &amp; Services for Real Estate Professionals","url":"https:\/\/askmortgageauthority.com\/real-estate-partners\/","children":[]},{"title":"Realtor Referral","url":"https:\/\/askmortgageauthority.com\/realtor-referral\/","children":[]}]},{"title":"Blog","url":"https:\/\/askmortgageauthority.com\/blog\/","children":[]},{"title":"Contact Us","url":"https:\/\/askmortgageauthority.com\/contact-us\/","children":[]},{"title":"Realtor Referral","url":"https:\/\/askmortgageauthority.com\/realtor-referral\/","children":[]}]